site,date,,bad_leaf_y,kbdi,avg_soil_y,soil_5_y,soil_25_y,soil_60_y,vpd,mean_leaf_y,leaf_y,lfm,mean_lfm,sd_lfm,max_wind,two_week_vpd,two_week_tmax,two_week_soil_5_y
mare,9/22/2017,,2.345,,1.509841,1.621004088,1.683631888,1.151343183,12.3,2.387266667,2.345,85.00049474,85.00049474,0.250544364,,8.35,85.53153846,0.699643706
mare,9/22/2017,,1.99,,1.509841,1.621004088,1.683631888,1.151343183,12.3,,1.99,84.65081997,,,,8.35,85.53153846,0.699643706
mare,9/22/2017,,2.52,,1.509841,1.621004088,1.683631888,1.151343183,12.3,,2.52,84.77050125,,,,8.35,85.53153846,0.699643706
mare,9/22/2017,,2.41,,1.509841,1.621004088,1.683631888,1.151343183,12.3,,2.41,84.79856559,,,,8.35,85.53153846,0.699643706
mare,9/22/2017,,2.38,,1.509841,1.621004088,1.683631888,1.151343183,12.3,,2.38,84.80047383,,,,8.35,85.53153846,0.699643706
mare,9/22/2017,,2.86,,1.509841,1.621004088,1.683631888,1.151343183,12.3,,2.86,84.80182492,,,,8.35,85.53153846,0.699643706
mare,9/22/2017,,2.25,,1.509841,1.621004088,1.683631888,1.151343183,12.3,,2.25,84.82877368,,,,8.35,85.53153846,0.699643706
mare,9/22/2017,,2.322,,1.509841,1.621004088,1.683631888,1.151343183,12.3,,2.322,84.8298623,,,,8.35,85.53153846,0.699643706
mare,9/22/2017,,1.99,,1.509841,1.621004088,1.683631888,1.151343183,12.3,,1.99,84.84519283,,,,8.35,85.53153846,0.699643706
mare,9/22/2017,,2.52,,1.509841,1.621004088,1.683631888,1.151343183,12.3,,2.52,85.18977198,,,,8.35,85.53153846,0.699643706
mare,9/22/2017,,2.41,,1.509841,1.621004088,1.683631888,1.151343183,12.3,,2.41,85.22392062,,,,8.35,85.53153846,0.699643706
mare,9/22/2017,,2.38,,1.509841,1.621004088,1.683631888,1.151343183,12.3,,2.38,85.26082997,,,,8.35,85.53153846,0.699643706
mare,9/22/2017,,2.86,,1.509841,1.621004088,1.683631888,1.151343183,12.3,,2.86,85.27929667,,,,8.35,85.53153846,0.699643706
mare,9/22/2017,,2.25,,1.509841,1.621004088,1.683631888,1.151343183,12.3,,2.25,85.30966391,,,,8.35,85.53153846,0.699643706
mare,9/22/2017,,2.322,,1.509841,1.621004088,1.683631888,1.151343183,12.3,,2.322,85.41742884,,,,8.35,85.53153846,0.699643706
MARE,5/23/2018,,1.559,,0.081143,0.488534035,0.086144323,0.010442496,9.34,1.559,1.559,98.49489503,104.2837908,21.15070415,,7.168571429,82.88615385,0.057646862
MARE,5/23/2018,,1.8,,0.081143,0.488534035,0.086144323,0.010442496,9.34,,1.8,80.56574123,,,,7.168571429,82.88615385,0.057646862
MARE,5/23/2018,,1.6,,0.081143,0.488534035,0.086144323,0.010442496,9.34,,1.6,96.00240457,,,,7.168571429,82.88615385,0.057646862
MARE,5/23/2018,,1.25,,0.081143,0.488534035,0.086144323,0.010442496,9.34,,1.25,97.6874562,,,,7.168571429,82.88615385,0.057646862
MARE,5/23/2018,,1.8,,0.081143,0.488534035,0.086144323,0.010442496,9.34,,1.8,155.2864462,,,,7.168571429,82.88615385,0.057646862
MARE,5/23/2018,,1.5,,0.081143,0.488534035,0.086144323,0.010442496,9.34,,1.5,91.87690602,,,,7.168571429,82.88615385,0.057646862
MARE,5/23/2018,,1.51,,0.081143,0.488534035,0.086144323,0.010442496,9.34,,1.51,91.17512574,,,,7.168571429,82.88615385,0.057646862
MARE,5/23/2018,,1.46,,0.081143,0.488534035,0.086144323,0.010442496,9.34,,1.46,107.0916728,,,,7.168571429,82.88615385,0.057646862
MARE,5/23/2018,,1.67,,0.081143,0.488534035,0.086144323,0.010442496,9.34,,1.67,91.35424637,,,,7.168571429,82.88615385,0.057646862
MARE,5/23/2018,,1.7,,0.081143,0.488534035,0.086144323,0.010442496,9.34,,1.7,72.26960682,,,,7.168571429,82.88615385,0.057646862
MARE,5/23/2018,,1.3,,0.081143,0.488534035,0.086144323,0.010442496,9.34,,1.3,101.6393443,,,,7.168571429,82.88615385,0.057646862
MARE,6/22/2018,,1.52,,0.039545,0.146925103,0.01944607,0.011106585,7.69,1.52,1.52,99.43417533,99.43417533,10.23150272,,,,
MARE,6/22/2018,,1.8,,0.039545,0.146925103,0.01944607,0.011106585,7.69,,1.8,92.59685462,,,,,,
MARE,6/22/2018,,1.6,,0.039545,0.146925103,0.01944607,0.011106585,7.69,,1.6,101.7013233,,,,,,
MARE,6/22/2018,,1.5,,0.039545,0.146925103,0.01944607,0.011106585,7.69,,1.5,103.8795599,,,,,,
MARE,6/22/2018,,1.4,,0.039545,0.146925103,0.01944607,0.011106585,7.69,,1.4,105.3472649,,,,,,
MARE,6/22/2018,,1.7,,0.039545,0.146925103,0.01944607,0.011106585,7.69,,1.7,89.82402448,,,,,,
MARE,6/22/2018,,1.6,,0.039545,0.146925103,0.01944607,0.011106585,7.69,,1.6,105.7311194,,,,,,
MARE,6/22/2018,,1.4,,0.039545,0.146925103,0.01944607,0.011106585,7.69,,1.4,118.3152521,,,,,,
MARE,6/22/2018,,1.4,,0.039545,0.146925103,0.01944607,0.011106585,7.69,,1.4,106.2103929,,,,,,
MARE,6/22/2018,,1.4,,0.039545,0.146925103,0.01944607,0.011106585,7.69,,1.4,83.12219044,,,,,,
MARE,6/22/2018,,1.4,,0.039545,0.146925103,0.01944607,0.011106585,7.69,,1.4,87.61377127,,,,,,
MARE,8/9/2018,,3.45,,0.144399,,,,11.41,2.278,3.45,96.39945147,96.39945147,8.63581999,,,,
MARE,8/9/2018,,2.93,,0.144399,,,,11.41,,2.93,97.89406509,,,,,,
MARE,8/9/2018,,2.46,,0.144399,,,,11.41,,2.46,96.38718473,,,,,,
MARE,8/9/2018,,2.39,,0.144399,,,,11.41,,2.39,102.8194361,,,,,,
MARE,8/9/2018,,2.78,,0.144399,,,,11.41,,2.78,77.50791975,,,,,,
MARE,8/9/2018,,1.35,,0.144399,,,,11.41,,1.35,100.4584152,,,,,,
MARE,8/9/2018,,1.06,,0.144399,,,,11.41,,1.06,103.2038173,,,,,,
MARE,8/9/2018,,1.41,,0.144399,,,,11.41,,1.41,93.26556544,,,,,,
MARE,8/9/2018,,2.12,,0.144399,,,,11.41,,2.12,107.8514339,,,,,,
MARE,8/9/2018,,2.83,,0.144399,,,,11.41,,2.83,88.20722563,,,,,,
COOK,4/29/2018,,1.63125,,0.027874,,,,11.45,1.66890625,1.63125,93.1027752,93.1027752,15.00470395,,,,
COOK,4/29/2018,,1.91,,0.027874,,,,11.45,,1.91,88.86156872,,,,,,
COOK,4/29/2018,,1.34,,0.027874,,,,11.45,,1.34,89.87125795,,,,,,
COOK,4/29/2018,,1.28,,0.027874,,,,11.45,,1.28,81.00829811,,,,,,
COOK,4/29/2018,,1.77,,0.027874,,,,11.45,,1.77,128.9089788,,,,,,
COOK,4/29/2018,,1.71,,0.027874,,,,11.45,,1.71,101.8876455,,,,,,
COOK,4/29/2018,,2.16,,0.027874,,,,11.45,,2.16,79.1239257,,,,,,
COOK,4/29/2018,,1.55,,0.027874,,,,11.45,,1.55,89.89969676,,,,,,
COOK,4/29/2018,,,,0.027874,,,,11.45,,1.34,85.26082997,,,,,,
COOK,6/1/2018,,1.19,,0.050516,,,,8.09,1.17,1.19,122.7420766,122.7420766,11.13206386,,,,
COOK,6/1/2018,,1.1,,0.050516,,,,8.09,,1.1,136.4799294,,,,,,
COOK,6/1/2018,,,,0.050516,,,,8.09,,1.4,109.3782929,,,,,,
COOK,6/1/2018,,1.41,,0.050516,,,,8.09,,1.41,105.2073589,,,,,,
COOK,6/1/2018,,1.6,,0.050516,,,,8.09,,1.6,118.8690842,,,,,,
COOK,6/1/2018,,1.1,,0.050516,,,,8.09,,1.1,122.0155969,,,,,,
COOK,6/1/2018,,1,,0.050516,,,,8.09,,1,110.8280255,,,,,,
COOK,6/1/2018,,1,,0.050516,,,,8.09,,1,133.0372395,,,,,,
COOK,6/1/2018,,1.1,,0.050516,,,,8.09,,1.1,136.1786996,,,,,,
COOK,6/1/2018,,0.8,,0.050516,,,,8.09,,0.8,121.754594,,,,,,
COOK,6/1/2018,,1.4,,0.050516,,,,8.09,,1.4,133.671945,,,,,,
COOK,7/6/2018,,2.14,,0.691096,,,,7.59,2.14,2.14,112.0109938,112.0109938,26.14777127,,,,
COOK,7/6/2018,,2,,0.691096,,,,7.59,,2,102.6812314,,,,,,
COOK,7/6/2018,,1.7,,0.691096,,,,7.59,,1.7,109.476662,,,,,,
COOK,7/6/2018,,2.3,,0.691096,,,,7.59,,2.3,133.9752407,,,,,,
COOK,7/6/2018,,2.3,,0.691096,,,,7.59,,2.3,87.87483703,,,,,,
COOK,7/6/2018,,2.4,,0.691096,,,,7.59,,2.4,101.8920813,,,,,,
COOK,7/6/2018,,2.2,,0.691096,,,,7.59,,2.2,109.0262971,,,,,,
COOK,7/6/2018,,2.3,,0.691096,,,,7.59,,2.3,119.7707736,,,,,,
COOK,7/6/2018,,2.2,,0.691096,,,,7.59,,2.2,153.8714992,,,,,,
COOK,7/6/2018,,2.1,,0.691096,,,,7.59,,2.1,76.51598677,,,,,,
COOK,7/6/2018,,1.9,,0.691096,,,,7.59,,1.9,125.0253293,,,,,,
,,,3.217,,1.369292,,,,14.62,3.233363636,3.217,54.71529666,66.51019018,12.40215942,,,,
,,,2.89,,1.369292,,,,14.62,,2.89,50.89521573,,,,,,
,,,3.01,,1.369292,,,,14.62,,3.01,71.96525,,,,,,
,,,4.19,,1.369292,,,,14.62,,4.19,62.254,,,,,,
,,,2.79,,1.369292,,,,14.62,,2.79,55.3569,,,,,,
,,,2.48,,1.369292,,,,14.62,,2.48,59.25985,,,,,,
,,,4.98,,1.369292,,,,14.62,,4.98,59.69738652,,,,,,
,,,2.59,,1.369292,,,,14.62,,2.59,89.51521984,,,,,,
,,,3.68,,1.369292,,,,14.62,,3.68,69.91869919,,,,,,
,,,3.1,,1.369292,,,,14.62,,3.1,82.90567402,,,,,,
,,,2.64,,1.369292,,,,14.62,,2.64,75.1286,,,,,,
MARE,,,1.28889,,1.489,0.023274492,0.022560812,0.042285129,5.51,1.288889,1.28889,85.98715966,85.98715966,6.174314398,,,,
MARE,,,1.28,,1.489,0.023274492,0.022560812,0.042285129,5.51,,1.28,81.17522585,,,,,,
MARE,,,1.12,,1.489,0.023274492,0.022560812,0.042285129,5.51,,1.12,87.19413254,,,,,,
MARE,,,1.1,,1.489,0.023274492,0.022560812,0.042285129,5.51,,1.1,83.15957547,,,,,,
MARE,,,1.28,,1.489,0.023274492,0.022560812,0.042285129,5.51,,1.28,72.18101446,,,,,,
MARE,,,1.54,,1.489,0.023274492,0.022560812,0.042285129,5.51,,1.54,90.45713082,,,,,,
MARE,,,1.42,,1.489,0.023274492,0.022560812,0.042285129,5.51,,1.42,93.87020004,,,,,,
MARE,,,1.28,,1.489,0.023274492,0.022560812,0.042285129,5.51,,1.28,90.83315331,,,,,,
MARE,,,1.25,,1.489,0.023274492,0.022560812,0.042285129,5.51,,1.25,89.70434053,,,,,,
MARE,,,1.33,,1.489,0.023274492,0.022560812,0.042285129,5.51,,1.33,85.30966391,,,,,,
WOOD,3/4/2018,,2.16667,145.6271,1.256432,0.036267959,0.024378988,0.045448691,4.37,2.193889167,2.16667,86.54406955,86.54406955,21.50122389,,,,
WOOD,3/4/2018,,2.47,145.6271,1.256432,0.036267959,0.024378988,0.045448691,4.37,,2.47,70.96774194,,,,,,
WOOD,3/4/2018,,2.09,145.6271,1.256432,0.036267959,0.024378988,0.045448691,4.37,,2.09,80.53193809,,,,,,
WOOD,3/4/2018,,2.45,145.6271,1.256432,0.036267959,0.024378988,0.045448691,4.37,,2.45,84.80182492,,,,,,
WOOD,3/4/2018,,1.92,145.6271,1.256432,0.036267959,0.024378988,0.045448691,4.37,,1.92,130.8103088,,,,,,
WOOD,3/4/2018,,1.92,145.6271,1.256432,0.036267959,0.024378988,0.045448691,4.37,,1.92,130.8103088,,,,,,
WOOD,3/4/2018,,2.21,145.6271,1.256432,0.036267959,0.024378988,0.045448691,4.37,,2.21,84.572697,,,,,,
WOOD,3/4/2018,,2.2,145.6271,1.256432,0.036267959,0.024378988,0.045448691,4.37,,2.2,77.19709398,,,,,,
WOOD,3/4/2018,,2.12,145.6271,1.256432,0.036267959,0.024378988,0.045448691,4.37,,2.12,66.05040551,,,,,,
WOOD,3/4/2018,,2.12,145.6271,1.256432,0.036267959,0.024378988,0.045448691,4.37,,2.12,74.41794836,,,,,,
WOOD,3/4/2018,,2.21,145.6271,1.256432,0.036267959,0.024378988,0.045448691,4.37,,2.21,75.62125653,,,,,,
WOOD,3/4/2018,,2.45,145.6271,1.256432,0.036267959,0.024378988,0.045448691,4.37,,2.45,76.20324114,,,,,,
WOOD,4/15/2018,,2.3334,106.1144988,1.771032,0.047039054,0.017220711,0.027227486,7.93,2.326352381,2.3334,77.32297827,77.32297827,13.77630921,,,,
WOOD,4/15/2018,,2.02,106.1144988,1.771032,0.047039054,0.017220711,0.027227486,7.93,,2.02,72.43512708,,,,,,
WOOD,4/15/2018,,1.84,106.1144988,1.771032,0.047039054,0.017220711,0.027227486,7.93,,1.84,75.81057182,,,,,,
WOOD,4/15/2018,,1.94,106.1144988,1.771032,0.047039054,0.017220711,0.027227486,7.93,,1.94,75.72786909,,,,,,
WOOD,4/15/2018,,1.46,106.1144988,1.771032,0.047039054,0.017220711,0.027227486,7.93,,1.46,82.67071833,,,,,,
WOOD,4/15/2018,,1.57,106.1144988,1.771032,0.047039054,0.017220711,0.027227486,7.93,,1.57,79.97060505,,,,,,
WOOD,4/15/2018,,2.51,106.1144988,1.771032,0.047039054,0.017220711,0.027227486,7.93,,2.51,72.43512708,,,,,,
WOOD,4/15/2018,,1.72,106.1144988,1.771032,0.047039054,0.017220711,0.027227486,7.93,,1.72,75.81057182,,,,,,
WOOD,4/15/2018,,1.51,106.1144988,1.771032,0.047039054,0.017220711,0.027227486,7.93,,1.51,75.72786909,,,,,,
WOOD,4/15/2018,,2.25,106.1144988,1.771032,0.047039054,0.017220711,0.027227486,7.93,,2.25,82.67071833,,,,,,
WOOD,4/15/2018,,2.16,106.1144988,1.771032,0.047039054,0.017220711,0.027227486,7.93,,2.16,79.97060505,,,,,,
WOOD,4/15/2018,,3.67,106.1144988,1.771032,0.047039054,0.017220711,0.027227486,7.93,,3.67,66.63091088,,,,,,
WOOD,4/15/2018,,2.4,106.1144988,1.771032,0.047039054,0.017220711,0.027227486,7.93,,2.4,76.72439096,,,,,,
WOOD,4/15/2018,,3.62,106.1144988,1.771032,0.047039054,0.017220711,0.027227486,7.93,,3.62,63.70839937,,,,,,
WOOD,4/15/2018,,3.32,106.1144988,1.771032,0.047039054,0.017220711,0.027227486,7.93,,3.32,62.61409617,,,,,,
WOOD,4/15/2018,,2.24,106.1144988,1.771032,0.047039054,0.017220711,0.027227486,7.93,,2.24,56.51353052,,,,,,
WOOD,4/15/2018,,3.26,106.1144988,1.771032,0.047039054,0.017220711,0.027227486,7.93,,3.26,60.33456832,,,,,,
WOOD,4/15/2018,,2.4,106.1144988,1.771032,0.047039054,0.017220711,0.027227486,7.93,,2.4,24.33739601,,,,,,
WOOD,4/15/2018,,2.19,106.1144988,1.771032,0.047039054,0.017220711,0.027227486,7.93,,2.19,65.71186571,,,,,,
WOOD,4/15/2018,,2.2,106.1144988,1.771032,0.047039054,0.017220711,0.027227486,7.93,,2.2,58.57412516,,,,,,
WOOD,4/15/2018,,2.24,106.1144988,1.771032,0.047039054,0.017220711,0.027227486,7.93,,2.24,48.10126582,,,,,,
WOOD,5/25/2018,,1.9418,329.3109528,0.698023,0.004700483,0.008921794,0.021495026,11.32,1.9418,1.9418,,68.99694924,12.38560107,,,,
WOOD,5/25/2018,,1.35,329.3109528,0.698023,0.004700483,0.008921794,0.021495026,11.32,,1.35,46.67228307,,,,,,
WOOD,5/25/2018,,1.8,329.3109528,0.698023,0.004700483,0.008921794,0.021495026,11.32,,1.8,75.93623968,,,,,,
WOOD,5/25/2018,,2.033,329.3109528,0.698023,0.004700483,0.008921794,0.021495026,11.32,,2.033,80.94925921,,,,,,
WOOD,5/25/2018,,1.93,329.3109528,0.698023,0.004700483,0.008921794,0.021495026,11.32,,1.93,64.87021993,,,,,,
WOOD,5/25/2018,,2,329.3109528,0.698023,0.004700483,0.008921794,0.021495026,11.32,,2,53.30713818,,,,,,
WOOD,5/25/2018,,2.3,329.3109528,0.698023,0.004700483,0.008921794,0.021495026,11.32,,2.3,83.08755148,,,,,,
WOOD,5/25/2018,,2.4,329.3109528,0.698023,0.004700483,0.008921794,0.021495026,11.32,,2.4,68.76025311,,,,,,
WOOD,5/25/2018,,2.065,329.3109528,0.698023,0.004700483,0.008921794,0.021495026,11.32,,2.065,61.02062975,,,,,,
WOOD,5/25/2018,,1.45,329.3109528,0.698023,0.004700483,0.008921794,0.021495026,11.32,,1.45,62.91941497,,,,,,
WOOD,5/25/2018,,2.09,329.3109528,0.698023,0.004700483,0.008921794,0.021495026,11.32,,2.09,80.91975027,,,,,,
WOOD,6/27/2018,,1.60667,458.7354214,0.010126,1.568188269,0.186408178,0.042091274,11.32,,1.60667,69.75230585,70.27769954,4.106153023,,,,
WOOD,6/27/2018,,1.69,458.7354214,0.010126,1.568188269,0.186408178,0.042091274,11.32,,1.69,74.4808491,,,,,,
WOOD,6/27/2018,,1.78,458.7354214,0.010126,1.568188269,0.186408178,0.042091274,11.32,,1.78,69.02423052,,,,,,
WOOD,6/27/2018,,1.61,458.7354214,0.010126,1.568188269,0.186408178,0.042091274,11.32,,1.61,76.76317743,,,,,,
WOOD,6/27/2018,,1.72,458.7354214,0.010126,1.568188269,0.186408178,0.042091274,11.32,,1.72,69.25730888,,,,,,
WOOD,6/27/2018,,1.5,458.7354214,0.010126,1.568188269,0.186408178,0.042091274,11.32,,1.5,67.00397542,,,,,,
WOOD,6/27/2018,,1.34,458.7354214,0.010126,1.568188269,0.186408178,0.042091274,11.32,,1.34,73.50263536,,,,,,
WOOD,6/27/2018,,1.74,458.7354214,0.010126,1.568188269,0.186408178,0.042091274,11.32,,1.74,69.55214908,,,,,,
WOOD,6/27/2018,,1.73,458.7354214,0.010126,1.568188269,0.186408178,0.042091274,11.32,,1.73,63.16266425,,,,,,
WOOD,8/16/2018,,1.901,318.911797,0.099354,0.011315768,0.009585028,1.772863819,10.46,1.901,1.901,101.2023632,101.2023632,12.81109173,,,,
WOOD,8/16/2018,,2.12,318.911797,0.099354,0.011315768,0.009585028,1.772863819,10.46,,2.12,116.1322151,,,,,,
WOOD,8/16/2018,,2.26,318.911797,0.099354,0.011315768,0.009585028,1.772863819,10.46,,2.26,102.9768467,,,,,,
WOOD,8/16/2018,,2.31,318.911797,0.099354,0.011315768,0.009585028,1.772863819,10.46,,2.31,94.88037684,,,,,,
WOOD,8/16/2018,,2.42,318.911797,0.099354,0.011315768,0.009585028,1.772863819,10.46,,2.42,97.66210851,,,,,,
WOOD,8/16/2018,,2.52,318.911797,0.099354,0.011315768,0.009585028,1.772863819,10.46,,2.52,88.46553516,,,,,,
WOOD,8/16/2018,,2.32,318.911797,0.099354,0.011315768,0.009585028,1.772863819,10.46,,2.32,104.7343275,,,,,,
WOOD,8/16/2018,,2.28,318.911797,0.099354,0.011315768,0.009585028,1.772863819,10.46,,2.28,110.2617366,,,,,,
WOOD,8/16/2018,,2.14,318.911797,0.099354,0.011315768,0.009585028,1.772863819,10.46,,2.14,100.3129709,,,,,,
WOOD,8/16/2018,,2.32,318.911797,0.099354,0.011315768,0.009585028,1.772863819,10.46,,2.32,112.0933698,,,,,,
WOOD,8/16/2018,,2.25,318.911797,0.099354,0.011315768,0.009585028,1.772863819,10.46,,2.25,,,,,,,
WOOD,8/16/2018,,2.14,318.911797,0.099354,0.011315768,0.009585028,1.772863819,10.46,,2.14,,,,,,,
WOOD,8/16/2018,,1.01,318.911797,0.099354,0.011315768,0.009585028,1.772863819,10.46,,1.01,116.1322151,,,,,,
WOOD,8/16/2018,,1.18,318.911797,0.099354,0.011315768,0.009585028,1.772863819,10.46,,1.18,102.9768467,,,,,,
WOOD,8/16/2018,,1.43,318.911797,0.099354,0.011315768,0.009585028,1.772863819,10.46,,1.43,94.88037684,,,,,,
WOOD,8/16/2018,,2.81,318.911797,0.099354,0.011315768,0.009585028,1.772863819,10.46,,2.81,77,,,,,,
WOOD,8/16/2018,,1.4,318.911797,0.099354,0.011315768,0.009585028,1.772863819,10.46,,1.4,88.46553516,,,,,,
WOOD,8/16/2018,,1.23,318.911797,0.099354,0.011315768,0.009585028,1.772863819,10.46,,1.23,92,,,,,,
WOOD,8/16/2018,,1.39,318.911797,0.099354,0.011315768,0.009585028,1.772863819,10.46,,1.39,110.2617366,,,,,,
WOOD,8/16/2018,,1.21,318.911797,0.099354,0.011315768,0.009585028,1.772863819,10.46,,1.21,100.3129709,,,,,,
WOOD,8/16/2018,,1.28,318.911797,0.099354,0.011315768,0.009585028,1.772863819,10.46,,1.28,112.0933698,,,,,,
WOOD,8/16/2018,,2.25,318.911797,0.099354,,,,10.46,2.673,2.25,110,91.14954578,10.47538576,,,,
WOOD,8/16/2018,,3.53,318.911797,0.099354,,,,10.46,,3.53,115,,,,,,
WOOD,8/16/2018,,2.16,318.911797,0.099354,,,,10.46,,2.16,94.88037684,,,,,,
WOOD,8/16/2018,,4.85,318.911797,0.099354,,,,10.46,,4.85,67,,,,,,
WOOD,8/16/2018,,2.47,318.911797,0.099354,,,,10.46,,2.47,88.46553516,,,,,,
WOOD,8/16/2018,,2.09,318.911797,0.099354,,,,10.46,,2.09,85,,,,,,
WOOD,8/16/2018,,2.45,318.911797,0.099354,,,,10.46,,2.45,99,,,,,,
WOOD,8/16/2018,,2.47,318.911797,0.099354,,,,10.46,,2.47,79,,,,,,
WOOD,8/16/2018,,2.04,318.911797,0.099354,,,,10.46,,2.04,82,,,,,,
WOOD,8/16/2018,,2.42,318.911797,0.099354,,,,10.46,,2.42,,,,,,,
COOK,,,,,1.8865265,,,,15.61,,4.19,72.91090205,63.76184394,6.223491985,,,,
COOK,,,,,1.8865265,,,,15.61,,3.01,71.65382336,,,,,,
COOK,,,,,1.8865265,,,,15.61,,2.79,55.26927138,,,,,,
COOK,,,,,1.8865265,,,,15.61,,2.48,59.25811437,,,,,,
COOK,,,,,1.8865265,,,,15.61,,2.89,60.89521573,,,,,,
COOK,,,,,1.8865265,,,,15.61,,4.98,69.69738652,,,,,,
COOK,,,,,1.8865265,,,,15.61,,3.1,65.12866016,,,,,,
COOK,,,,,1.8865265,,,,15.61,,3.68,59.91869919,,,,,,
COOK,,,,,1.8865265,,,,15.61,,2.1,56.51598677,,,,,,
COOK,,,,,1.8865265,,,,15.61,,1.71,69.1239257,,,,,,
COOK,,,,,1.8865265,,,,15.61,,1.34,61.00829811,,,,,,
COOK,,,,,1.369292,,,,14.62,,2.18,81.77446372,78.65814174,3.988289939,,,,
COOK,,,,,1.369292,,,,14.62,,2.21,72.27049755,,,,,,
COOK,,,,,1.369292,,,,14.62,,2.46,72.90567402,,,,,,
COOK,,,,,1.369292,,,,14.62,,2.25,74.80047383,,,,,,
COOK,,,,,1.369292,,,,14.62,,1.55,85.26082997,,,,,,
COOK,,,,,1.369292,,,,14.62,,2.3,77.87483703,,,,,,
COOK,,,,,1.369292,,,,14.62,,1.34,78.86156872,,,,,,
COOK,,,,,1.369292,,,,14.62,,2.59,79.51521984,,,,,,
COOK,,,,,1.369292,,,,14.62,,1.9,79.87125795,,,,,,
COOK,,,,,1.369292,,,,14.62,,2.16,79.89969676,,,,,,
COOK,,,,,1.369292,,,,14.62,,0.982,82.20503975,,,,,,
COOK,1/9/2018,,,,0.012479971,0.012479971,,,0.12,,,106.4290711,106.4290711,8.424022422,,,,
COOK,1/9/2018,,,,0.012479971,0.012479971,,,0.12,,,103.1151365,,,,,,
COOK,1/9/2018,,,,0.012479971,0.012479971,,,0.12,,,99.7115598,,,,,,
COOK,1/9/2018,,,,0.012479971,0.012479971,,,0.12,,,127.3031126,,,,,,
COOK,1/9/2018,,,,0.012479971,0.012479971,,,0.12,,,126.9157349,,,,,,
COOK,1/9/2018,,,,0.012479971,0.012479971,,,0.12,,,112.1933557,,,,,,
COOK,1/9/2018,,,,0.012479971,0.012479971,,,0.12,,,108.6620633,,,,,,
COOK,1/9/2018,,,,0.012479971,0.012479971,,,0.12,,,105.3001375,,,,,,
COOK,1/9/2018,,,,0.012479971,0.012479971,,,0.12,,,108.9796373,,,,,,
COOK,1/9/2018,,,,0.012479971,0.012479971,,,0.12,,,110.1650582,,,,,,
COOK,1/9/2018,,,,0.012479971,0.012479971,,,0.12,,,108.4466132,,,,,,
COOK,1/9/2018,,,,0.012479971,0.012479971,,,0.12,,,108.2065353,,,,,,
COOK,1/9/2018,,,,0.012479971,0.012479971,,,0.12,,,107.5065185,,,,,,
COOK,1/9/2018,,,,0.012479971,0.012479971,,,0.12,,,101.428988,,,,,,
COOK,1/9/2018,,,,0.012479971,0.012479971,,,0.12,,,108.1487946,,,,,,
COOK,1/9/2018,,,,0.012479971,0.012479971,,,0.12,,,104.6724922,,,,,,
COOK,1/9/2018,,,,0.012479971,0.012479971,,,0.12,,,99.20503975,,,,,,
COOK,1/9/2018,,,,0.012479971,0.012479971,,,0.12,,,109.0689627,,,,,,
COOK,1/9/2018,,,,0.012479971,0.012479971,,,0.12,,,117.0525468,,,,,,
COOK,1/9/2018,,,,0.012479971,0.012479971,,,0.12,,,103.5277178,,,,,,
COOK,1/9/2018,,,,0.012479971,0.012479971,,,0.12,,,107.3657124,,,,,,
COOK,1/9/2018,,,,0.012479971,0.012479971,,,0.12,,,102.048866,,,,,,
COOK,1/9/2018,,,,0.012479971,0.012479971,,,0.12,,,112.7747859,,,,,,
COOK,1/9/2018,,,,0.012479971,0.012479971,,,0.12,,,109.8044101,,,,,,
COOK,1/9/2018,,,,0.012479971,0.012479971,,,0.12,,,115.6638105,,,,,,
COOK,1/9/2018,,,,0.012479971,0.012479971,,,0.12,,,96.63876711,,,,,,
COOK,1/9/2018,,,,0.012479971,0.012479971,,,0.12,,,112.3780371,,,,,,
COOK,1/9/2018,,,,0.012479971,0.012479971,,,0.12,,,104.8755032,,,,,,
COOK,1/9/2018,,,,0.012479971,0.012479971,,,0.12,,,116.2472317,,,,,,
COOK,1/9/2018,,,,0.012479971,0.012479971,,,0.12,,,106.0207947,,,,,,
COOK,1/9/2018,,,,0.012479971,0.012479971,,,0.12,,,78.2063834,,,,,,
COOK,1/9/2018,,,,0.012479971,0.012479971,,,0.12,,,110.9245418,,,,,,
COOK,1/9/2018,,,,0.012479971,0.012479971,,,0.12,,,115.3062477,,,,,,
COOK,1/9/2018,,,,0.012479971,0.012479971,,,0.12,,,113.7466307,,,,,,
COOK,1/9/2018,,,,0.012479971,0.012479971,,,0.12,,,105.1278262,,,,,,
COOK,1/9/2018,,,,0.012479971,0.012479971,,,0.12,,,103.3429323,,,,,,
COOK,1/9/2018,,,,0.012479971,0.012479971,,,0.12,,,97.18637614,,,,,,
COOK,1/9/2018,,,,0.012479971,0.012479971,,,0.12,,,90.76848719,,,,,,
COOK,1/9/2018,,,,0.012479971,0.012479971,,,0.12,,,113.1064446,,,,,,
COOK,1/9/2018,,,,0.012479971,0.012479971,,,0.12,,,100.9589237,,,,,,
COOK,1/9/2018,,,,0.012479971,0.012479971,,,0.12,,,111.552043,,,,,,
COOK,1/9/2018,,,,0.012479971,0.012479971,,,0.12,,,105.7600402,,,,,,
COOK,1/9/2018,,,,0.012479971,0.012479971,,,0.12,,,96.15955167,,,,,,
COOK,1/9/2018,,,,0.012479971,0.012479971,,,0.12,,,96.51562734,,,,,,
COOK,1/9/2018,,,,0.012479971,0.012479971,,,0.12,,,92.35689864,,,,,,
COOK,1/9/2018,,,,0.012479971,0.012479971,,,0.12,,,102.7964708,,,,,,
COOK,1/9/2018,,,,0.012479971,0.012479971,,,0.12,,,110.0064281,,,,,,
COOK,1/9/2018,,,,0.012479971,0.012479971,,,0.12,,,107.4922418,,,,,,
COOK,1/9/2018,,,,0.012479971,0.012479971,,,0.12,,,103.8533953,,,,,,
MARE,9/20/2017,,,,1.436460162,1.529209598,1.657714697,1.122456192,14.54,,,88.37085387,79.19229291,11.64631423,,,,
MARE,9/20/2017,,,,1.436460162,1.529209598,1.657714697,1.122456192,14.54,,,85.99471499,,,,,,
MARE,9/20/2017,,,,1.436460162,1.529209598,1.657714697,1.122456192,14.54,,,92.37886535,,,,,,
MARE,9/20/2017,,,,1.436460162,1.529209598,1.657714697,1.122456192,14.54,,,91.44275386,,,,,,
MARE,9/20/2017,,,,1.436460162,1.529209598,1.657714697,1.122456192,14.54,,,74.72857859,,,,,,
MARE,9/20/2017,,,,1.436460162,1.529209598,1.657714697,1.122456192,14.54,,,75.84111135,,,,,,
MARE,9/20/2017,,,,1.436460162,1.529209598,1.657714697,1.122456192,14.54,,,86.7856499,,,,,,
MARE,9/20/2017,,,,1.436460162,1.529209598,1.657714697,1.122456192,14.54,,,68.30728301,,,,,,
MARE,9/20/2017,,,,1.436460162,1.529209598,1.657714697,1.122456192,14.54,,,73.51922726,,,,,,
MARE,9/20/2017,,,,1.436460162,1.529209598,1.657714697,1.122456192,14.54,,,90.85811555,,,,,,
MARE,9/20/2017,,,,1.436460162,1.529209598,1.657714697,1.122456192,14.54,,,77.04658287,,,,,,
MARE,9/20/2017,,,,1.436460162,1.529209598,1.657714697,1.122456192,14.54,,,72.0031702,,,,,,
MARE,9/20/2017,,,,1.436460162,1.529209598,1.657714697,1.122456192,14.54,,,80.76213891,,,,,,
MARE,9/20/2017,,,,1.436460162,1.529209598,1.657714697,1.122456192,14.54,,,90.59080963,,,,,,
MARE,9/20/2017,,,,1.436460162,1.529209598,1.657714697,1.122456192,14.54,,,78.59063252,,,,,,
MARE,9/20/2017,,,,1.436460162,1.529209598,1.657714697,1.122456192,14.54,,,75.04942665,,,,,,
MARE,9/20/2017,,,,1.436460162,1.529209598,1.657714697,1.122456192,14.54,,,93.53021177,,,,,,
MARE,9/20/2017,,,,1.436460162,1.529209598,1.657714697,1.122456192,14.54,,,82.5628066,,,,,,
MARE,9/20/2017,,,,1.436460162,1.529209598,1.657714697,1.122456192,14.54,,,79.44025834,,,,,,
MARE,9/20/2017,,,,1.436460162,1.529209598,1.657714697,1.122456192,14.54,,,53.42991052,,,,,,
MARE,9/20/2017,,,,1.436460162,1.529209598,1.657714697,1.122456192,14.54,,,88.32280416,,,,,,
MARE,9/20/2017,,,,1.436460162,1.529209598,1.657714697,1.122456192,14.54,,,89.71325446,,,,,,
MARE,9/20/2017,,,,1.436460162,1.529209598,1.657714697,1.122456192,14.54,,,89.00671615,,,,,,
MARE,9/20/2017,,,,1.436460162,1.529209598,1.657714697,1.122456192,14.54,,,49.85621311,,,,,,
MARE,9/20/2017,,,,1.436460162,1.529209598,1.657714697,1.122456192,14.54,,,82.32856847,,,,,,
MARE,9/20/2017,,,,1.436460162,1.529209598,1.657714697,1.122456192,14.54,,,65.64299424,,,,,,
MARE,9/20/2017,,,,1.436460162,1.529209598,1.657714697,1.122456192,14.54,,,88.20092439,,,,,,
MARE,9/20/2017,,,,1.436460162,1.529209598,1.657714697,1.122456192,14.54,,,86.28489912,,,,,,
MARE,9/20/2017,,,,1.436460162,1.529209598,1.657714697,1.122456192,14.54,,,90.15300118,,,,,,
MARE,9/20/2017,,,,1.436460162,1.529209598,1.657714697,1.122456192,14.54,,,87.07739832,,,,,,
MARE,9/20/2017,,,,1.436460162,1.529209598,1.657714697,1.122456192,14.54,,,74.069834,,,,,,
MARE,9/20/2017,,,,1.436460162,1.529209598,1.657714697,1.122456192,14.54,,,86.87341525,,,,,,
MARE,9/20/2017,,,,1.436460162,1.529209598,1.657714697,1.122456192,14.54,,,72.08150559,,,,,,
MARE,9/20/2017,,,,1.436460162,1.529209598,1.657714697,1.122456192,14.54,,,74.97238789,,,,,,
MARE,9/20/2017,,,,1.436460162,1.529209598,1.657714697,1.122456192,14.54,,,85.52188552,,,,,,
MARE,9/20/2017,,,,1.436460162,1.529209598,1.657714697,1.122456192,14.54,,,81.02621934,,,,,,
MARE,9/20/2017,,,,1.436460162,1.529209598,1.657714697,1.122456192,14.54,,,79.35034803,,,,,,
MARE,9/20/2017,,,,1.436460162,1.529209598,1.657714697,1.122456192,14.54,,,57.84153896,,,,,,
MARE,9/20/2017,,,,1.436460162,1.529209598,1.657714697,1.122456192,14.54,,,68.73463212,,,,,,
MARE,9/20/2017,,,,1.436460162,1.529209598,1.657714697,1.122456192,14.54,,,90.4768265,,,,,,
MARE,9/20/2017,,,,1.436460162,1.529209598,1.657714697,1.122456192,14.54,,,48.23586274,,,,,,
MARE,9/20/2017,,,,1.436460162,1.529209598,1.657714697,1.122456192,14.54,,,84.77050125,,,,,,
MARE,9/20/2017,,,,1.436460162,1.529209598,1.657714697,1.122456192,14.54,,,86.73437981,,,,,,
MARE,9/20/2017,,,,1.436460162,1.529209598,1.657714697,1.122456192,14.54,,,78.06494367,,,,,,
MARE,9/20/2017,,,,1.436460162,1.529209598,1.657714697,1.122456192,14.54,,,50.95104459,,,,,,
MARE,9/20/2017,,,,1.436460162,1.529209598,1.657714697,1.122456192,14.54,,,92.93954776,,,,,,
MARE,9/20/2017,,,,1.436460162,1.529209598,1.657714697,1.122456192,14.54,,,80.00805315,,,,,,
MARE,9/20/2017,,,,1.436460162,1.529209598,1.657714697,1.122456192,14.54,,,77.76210625,,,,,,
MARE,9/20/2017,,,,1.436460162,1.529209598,1.657714697,1.122456192,14.54,,,82.18744505,,,,,,
MARE,10/18/2017,,,,0.009212828,0.008216072,0.008466537,0.010955876,9.68,,,108.3720346,101.5214918,6.757375108,18.63,,,
MARE,10/18/2017,,,,0.009212828,0.008216072,0.008466537,0.010955876,9.68,,,97.93305286,,,18.63,,,
MARE,10/18/2017,,,,0.009212828,0.008216072,0.008466537,0.010955876,9.68,,,93.90379622,,,18.63,,,
MARE,10/18/2017,,,,0.009212828,0.008216072,0.008466537,0.010955876,9.68,,,97.07127137,,,18.63,,,
MARE,10/18/2017,,,,0.009212828,0.008216072,0.008466537,0.010955876,9.68,,,93.93271632,,,18.63,,,
MARE,10/18/2017,,,,0.009212828,0.008216072,0.008466537,0.010955876,9.68,,,104.6741034,,,18.63,,,
MARE,10/18/2017,,,,0.009212828,0.008216072,0.008466537,0.010955876,9.68,,,115.0363331,,,18.63,,,
MARE,10/18/2017,,,,0.009212828,0.008216072,0.008466537,0.010955876,9.68,,,103.8392537,,,18.63,,,
MARE,10/18/2017,,,,0.009212828,0.008216072,0.008466537,0.010955876,9.68,,,100.3961517,,,18.63,,,
MARE,10/18/2017,,,,0.009212828,0.008216072,0.008466537,0.010955876,9.68,,,102.8709418,,,18.63,,,
MARE,10/18/2017,,,,0.009212828,0.008216072,0.008466537,0.010955876,9.68,,,112.8530764,,,18.63,,,
MARE,10/18/2017,,,,0.009212828,0.008216072,0.008466537,0.010955876,9.68,,,99.69675764,,,18.63,,,
MARE,10/18/2017,,,,0.009212828,0.008216072,0.008466537,0.010955876,9.68,,,97.43589744,,,18.63,,,
MARE,10/18/2017,,,,0.009212828,0.008216072,0.008466537,0.010955876,9.68,,,96.24534251,,,18.63,,,
MARE,10/18/2017,,,,0.009212828,0.008216072,0.008466537,0.010955876,9.68,,,108.2568807,,,18.63,,,
MARE,10/18/2017,,,,0.009212828,0.008216072,0.008466537,0.010955876,9.68,,,101.1066635,,,18.63,,,
MARE,10/18/2017,,,,0.009212828,0.008216072,0.008466537,0.010955876,9.68,,,102.7798424,,,18.63,,,
MARE,10/18/2017,,,,0.009212828,0.008216072,0.008466537,0.010955876,9.68,,,105.502953,,,18.63,,,
MARE,10/18/2017,,,,0.009212828,0.008216072,0.008466537,0.010955876,9.68,,,98.86480908,,,18.63,,,
MARE,10/18/2017,,,,0.009212828,0.008216072,0.008466537,0.010955876,9.68,,,96.02024385,,,18.63,,,
MARE,10/18/2017,,,,0.009212828,0.008216072,0.008466537,0.010955876,9.68,,,106.5474474,,,18.63,,,
MARE,10/18/2017,,,,0.009212828,0.008216072,0.008466537,0.010955876,9.68,,,100.1499893,,,18.63,,,
MARE,10/18/2017,,,,0.009212828,0.008216072,0.008466537,0.010955876,9.68,,,95.29053999,,,18.63,,,
MARE,10/18/2017,,,,0.009212828,0.008216072,0.008466537,0.010955876,9.68,,,94.84789872,,,18.63,,,
MARE,10/18/2017,,,,0.009212828,0.008216072,0.008466537,0.010955876,9.68,,,94.52576699,,,18.63,,,
MARE,10/18/2017,,,,0.009212828,0.008216072,0.008466537,0.010955876,9.68,,,96.60041273,,,18.63,,,
MARE,10/18/2017,,,,0.009212828,0.008216072,0.008466537,0.010955876,9.68,,,102.303327,,,18.63,,,
MARE,10/18/2017,,,,0.009212828,0.008216072,0.008466537,0.010955876,9.68,,,95.09356122,,,18.63,,,
MARE,10/18/2017,,,,0.009212828,0.008216072,0.008466537,0.010955876,9.68,,,97.80357346,,,18.63,,,
MARE,10/18/2017,,,,0.009212828,0.008216072,0.008466537,0.010955876,9.68,,,115.4929577,,,18.63,,,
MARE,10/18/2017,,,,0.009212828,0.008216072,0.008466537,0.010955876,9.68,,,113.9450492,,,18.63,,,
MARE,10/18/2017,,,,0.009212828,0.008216072,0.008466537,0.010955876,9.68,,,99.42145082,,,18.63,,,
MARE,10/18/2017,,,,0.009212828,0.008216072,0.008466537,0.010955876,9.68,,,90.4109589,,,18.63,,,
MARE,10/18/2017,,,,0.009212828,0.008216072,0.008466537,0.010955876,9.68,,,116.2924376,,,18.63,,,
MARE,10/18/2017,,,,0.009212828,0.008216072,0.008466537,0.010955876,9.68,,,84.65081997,,,18.63,,,
MARE,10/18/2017,,,,0.009212828,0.008216072,0.008466537,0.010955876,9.68,,,92.88099372,,,18.63,,,
MARE,10/18/2017,,,,0.009212828,0.008216072,0.008466537,0.010955876,9.68,,,117.4133229,,,18.63,,,
MARE,10/18/2017,,,,0.009212828,0.008216072,0.008466537,0.010955876,9.68,,,102.1426287,,,18.63,,,
MARE,10/18/2017,,,,0.009212828,0.008216072,0.008466537,0.010955876,9.68,,,108.8197699,,,18.63,,,
MARE,10/18/2017,,,,0.009212828,0.008216072,0.008466537,0.010955876,9.68,,,98.85947923,,,18.63,,,
MARE,10/18/2017,,,,0.009212828,0.008216072,0.008466537,0.010955876,9.68,,,100.6875477,,,18.63,,,
MARE,10/18/2017,,,,0.009212828,0.008216072,0.008466537,0.010955876,9.68,,,100.172117,,,18.63,,,
MARE,10/18/2017,,,,0.009212828,0.008216072,0.008466537,0.010955876,9.68,,,101.5455066,,,18.63,,,
MARE,10/18/2017,,,,0.009212828,0.008216072,0.008466537,0.010955876,9.68,,,98.19113174,,,18.63,,,
MARE,10/18/2017,,,,0.009212828,0.008216072,0.008466537,0.010955876,9.68,,,97.16151265,,,18.63,,,
MARE,10/18/2017,,,,0.009212828,0.008216072,0.008466537,0.010955876,9.68,,,100.1386963,,,18.63,,,
MARE,10/18/2017,,,,0.009212828,0.008216072,0.008466537,0.010955876,9.68,,,100.2054593,,,18.63,,,
MARE,10/18/2017,,,,0.009212828,0.008216072,0.008466537,0.010955876,9.68,,,102.7212342,,,18.63,,,
MARE,10/18/2017,,,,0.009212828,0.008216072,0.008466537,0.010955876,9.68,,,105.3444008,,,18.63,,,
MARE,10/18/2017,,,,0.009212828,0.008216072,0.008466537,0.010955876,9.68,,,98.16805711,,,18.63,,,
MARE,10/18/2017,,,,0.009212828,0.008216072,0.008466537,0.010955876,9.68,,,107.8546783,,,18.63,,,
MARE,10/18/2017,,,,0.009212828,0.008216072,0.008466537,0.010955876,9.68,,,100.468181,,,18.63,,,
MARE,10/18/2017,,,,0.009212828,0.008216072,0.008466537,0.010955876,9.68,,,101.7934209,,,18.63,,,
MARE,10/18/2017,,,,0.009212828,0.008216072,0.008466537,0.010955876,9.68,,,107.4241058,,,18.63,,,
MARE,11/14/2017,,,,0.021838828,0.043882147,0.010572075,0.011062263,1.01,,,120.7166,126.5678641,15.69054521,14.16,,,
MARE,11/14/2017,,,,0.021838828,0.043882147,0.010572075,0.011062263,1.01,,,100.131406,,,14.16,,,
MARE,11/14/2017,,,,0.021838828,0.043882147,0.010572075,0.011062263,1.01,,,116.5716891,,,14.16,,,
MARE,11/14/2017,,,,0.021838828,0.043882147,0.010572075,0.011062263,1.01,,,134.4262295,,,14.16,,,
MARE,11/14/2017,,,,0.021838828,0.043882147,0.010572075,0.011062263,1.01,,,129.5086185,,,14.16,,,
MARE,11/14/2017,,,,0.021838828,0.043882147,0.010572075,0.011062263,1.01,,,122.6816736,,,14.16,,,
MARE,11/14/2017,,,,0.021838828,0.043882147,0.010572075,0.011062263,1.01,,,152.3475823,,,14.16,,,
MARE,11/14/2017,,,,0.021838828,0.043882147,0.010572075,0.011062263,1.01,,,117.2178366,,,14.16,,,
MARE,11/14/2017,,,,0.021838828,0.043882147,0.010572075,0.011062263,1.01,,,115.9614823,,,14.16,,,
MARE,11/14/2017,,,,0.021838828,0.043882147,0.010572075,0.011062263,1.01,,,128.4096058,,,14.16,,,
MARE,11/14/2017,,,,0.021838828,0.043882147,0.010572075,0.011062263,1.01,,,142.4460432,,,14.16,,,
MARE,11/14/2017,,,,0.021838828,0.043882147,0.010572075,0.011062263,1.01,,,117.4215294,,,14.16,,,
MARE,11/14/2017,,,,0.021838828,0.043882147,0.010572075,0.011062263,1.01,,,128.0314484,,,14.16,,,
MARE,11/14/2017,,,,0.021838828,0.043882147,0.010572075,0.011062263,1.01,,,128.1020487,,,14.16,,,
MARE,11/14/2017,,,,0.021838828,0.043882147,0.010572075,0.011062263,1.01,,,126.5149438,,,14.16,,,
MARE,11/14/2017,,,,0.021838828,0.043882147,0.010572075,0.011062263,1.01,,,140.4593139,,,14.16,,,
MARE,11/14/2017,,,,0.021838828,0.043882147,0.010572075,0.011062263,1.01,,,138.2210644,,,14.16,,,
MARE,11/14/2017,,,,0.021838828,0.043882147,0.010572075,0.011062263,1.01,,,128.333949,,,14.16,,,
MARE,11/14/2017,,,,0.021838828,0.043882147,0.010572075,0.011062263,1.01,,,123.2078684,,,14.16,,,
MARE,11/14/2017,,,,0.021838828,0.043882147,0.010572075,0.011062263,1.01,,,104.5928556,,,14.16,,,
MARE,11/14/2017,,,,0.021838828,0.043882147,0.010572075,0.011062263,1.01,,,128.9988034,,,14.16,,,
MARE,11/14/2017,,,,0.021838828,0.043882147,0.010572075,0.011062263,1.01,,,144.7513812,,,14.16,,,
MARE,11/14/2017,,,,0.021838828,0.043882147,0.010572075,0.011062263,1.01,,,131.376017,,,14.16,,,
MARE,11/14/2017,,,,0.021838828,0.043882147,0.010572075,0.011062263,1.01,,,147.4804826,,,14.16,,,
MARE,11/14/2017,,,,0.021838828,0.043882147,0.010572075,0.011062263,1.01,,,115.3517728,,,14.16,,,
MARE,11/14/2017,,,,0.021838828,0.043882147,0.010572075,0.011062263,1.01,,,114.893617,,,14.16,,,
MARE,11/14/2017,,,,0.021838828,0.043882147,0.010572075,0.011062263,1.01,,,126.9406393,,,14.16,,,
MARE,11/14/2017,,,,0.021838828,0.043882147,0.010572075,0.011062263,1.01,,,123.9277043,,,14.16,,,
MARE,11/14/2017,,,,0.021838828,0.043882147,0.010572075,0.011062263,1.01,,,134.6367085,,,14.16,,,
MARE,11/14/2017,,,,0.021838828,0.043882147,0.010572075,0.011062263,1.01,,,124.49962,,,14.16,,,
MARE,11/14/2017,,,,0.021838828,0.043882147,0.010572075,0.011062263,1.01,,,140.8866995,,,14.16,,,
MARE,11/14/2017,,,,0.021838828,0.043882147,0.010572075,0.011062263,1.01,,,131.7222862,,,14.16,,,
MARE,11/14/2017,,,,0.021838828,0.043882147,0.010572075,0.011062263,1.01,,,132.4487334,,,14.16,,,
MARE,11/14/2017,,,,0.021838828,0.043882147,0.010572075,0.011062263,1.01,,,111.6365899,,,14.16,,,
MARE,11/14/2017,,,,0.021838828,0.043882147,0.010572075,0.011062263,1.01,,,125.0050948,,,14.16,,,
MARE,11/14/2017,,,,0.021838828,0.043882147,0.010572075,0.011062263,1.01,,,151.137321,,,14.16,,,
MARE,11/14/2017,,,,0.021838828,0.043882147,0.010572075,0.011062263,1.01,,,128.3419817,,,14.16,,,
MARE,11/14/2017,,,,0.021838828,0.043882147,0.010572075,0.011062263,1.01,,,122.0677501,,,14.16,,,
MARE,11/14/2017,,,,0.021838828,0.043882147,0.010572075,0.011062263,1.01,,,106.2594497,,,14.16,,,
MARE,11/14/2017,,,,0.021838828,0.043882147,0.010572075,0.011062263,1.01,,,115.9358936,,,14.16,,,
MARE,11/14/2017,,,,0.021838828,0.043882147,0.010572075,0.011062263,1.01,,,148.8272921,,,14.16,,,
MARE,11/14/2017,,,,0.021838828,0.043882147,0.010572075,0.011062263,1.01,,,142.7279578,,,14.16,,,
MARE,11/14/2017,,,,0.021838828,0.043882147,0.010572075,0.011062263,1.01,,,56.85564938,,,14.16,,,
MARE,11/14/2017,,,,0.021838828,0.043882147,0.010572075,0.011062263,1.01,,,140.3219474,,,14.16,,,
MARE,11/14/2017,,,,0.021838828,0.043882147,0.010572075,0.011062263,1.01,,,137.4802652,,,14.16,,,
MARE,11/14/2017,,,,0.021838828,0.043882147,0.010572075,0.011062263,1.01,,,117.7882866,,,14.16,,,
MARE,11/14/2017,,,,0.021838828,0.043882147,0.010572075,0.011062263,1.01,,,127.7925854,,,14.16,,,
MARE,11/14/2017,,,,0.021838828,0.043882147,0.010572075,0.011062263,1.01,,,126.2098706,,,14.16,,,
MARE,11/14/2017,,,,0.021838828,0.043882147,0.010572075,0.011062263,1.01,,,141.0609037,,,14.16,,,
MARE,11/14/2017,,,,0.021838828,0.043882147,0.010572075,0.011062263,1.01,,,115.7261099,,,14.16,,,
MARE,11/28/2017,,,,0.03977096,0.092027152,0.015370317,0.011915412,5.56,,,99.83884963,99.19544674,8.135502353,21.61,,,
MARE,11/28/2017,,,,0.03977096,0.092027152,0.015370317,0.011915412,5.56,,,99.33561506,,,21.61,,,
MARE,11/28/2017,,,,0.03977096,0.092027152,0.015370317,0.011915412,5.56,,,93.83916474,,,21.61,,,
MARE,11/28/2017,,,,0.03977096,0.092027152,0.015370317,0.011915412,5.56,,,96.41120021,,,21.61,,,
MARE,11/28/2017,,,,0.03977096,0.092027152,0.015370317,0.011915412,5.56,,,111.7710351,,,21.61,,,
MARE,11/28/2017,,,,0.03977096,0.092027152,0.015370317,0.011915412,5.56,,,105.7948559,,,21.61,,,
MARE,11/28/2017,,,,0.03977096,0.092027152,0.015370317,0.011915412,5.56,,,110.9631787,,,21.61,,,
MARE,11/28/2017,,,,0.03977096,0.092027152,0.015370317,0.011915412,5.56,,,81.15490595,,,21.61,,,
MARE,11/28/2017,,,,0.03977096,0.092027152,0.015370317,0.011915412,5.56,,,102.3655533,,,21.61,,,
MARE,11/28/2017,,,,0.03977096,0.092027152,0.015370317,0.011915412,5.56,,,92.54971802,,,21.61,,,
MARE,11/28/2017,,,,0.03977096,0.092027152,0.015370317,0.011915412,5.56,,,103.3199957,,,21.61,,,
MARE,11/28/2017,,,,0.03977096,0.092027152,0.015370317,0.011915412,5.56,,,97.39577512,,,21.61,,,
MARE,11/28/2017,,,,0.03977096,0.092027152,0.015370317,0.011915412,5.56,,,99.73614776,,,21.61,,,
MARE,11/28/2017,,,,0.03977096,0.092027152,0.015370317,0.011915412,5.56,,,96.07129409,,,21.61,,,
MARE,11/28/2017,,,,0.03977096,0.092027152,0.015370317,0.011915412,5.56,,,94.10589411,,,21.61,,,
MARE,11/28/2017,,,,0.03977096,0.092027152,0.015370317,0.011915412,5.56,,,98.77249033,,,21.61,,,
MARE,11/28/2017,,,,0.03977096,0.092027152,0.015370317,0.011915412,5.56,,,95.85380232,,,21.61,,,
MARE,11/28/2017,,,,0.03977096,0.092027152,0.015370317,0.011915412,5.56,,,94.47452916,,,21.61,,,
MARE,11/28/2017,,,,0.03977096,0.092027152,0.015370317,0.011915412,5.56,,,88.1361273,,,21.61,,,
MARE,11/28/2017,,,,0.03977096,0.092027152,0.015370317,0.011915412,5.56,,,100.2992296,,,21.61,,,
MARE,11/28/2017,,,,0.03977096,0.092027152,0.015370317,0.011915412,5.56,,,96.69332181,,,21.61,,,
MARE,11/28/2017,,,,0.03977096,0.092027152,0.015370317,0.011915412,5.56,,,94.39079515,,,21.61,,,
MARE,11/28/2017,,,,0.03977096,0.092027152,0.015370317,0.011915412,5.56,,,92.91534104,,,21.61,,,
MARE,11/28/2017,,,,0.03977096,0.092027152,0.015370317,0.011915412,5.56,,,102.1668613,,,21.61,,,
MARE,11/28/2017,,,,0.03977096,0.092027152,0.015370317,0.011915412,5.56,,,107.5648572,,,21.61,,,
MARE,11/28/2017,,,,0.03977096,0.092027152,0.015370317,0.011915412,5.56,,,106.1886927,,,21.61,,,
MARE,11/28/2017,,,,0.03977096,0.092027152,0.015370317,0.011915412,5.56,,,90.88602241,,,21.61,,,
MARE,11/28/2017,,,,0.03977096,0.092027152,0.015370317,0.011915412,5.56,,,102.8001287,,,21.61,,,
MARE,11/28/2017,,,,0.03977096,0.092027152,0.015370317,0.011915412,5.56,,,98.75575251,,,21.61,,,
MARE,11/28/2017,,,,0.03977096,0.092027152,0.015370317,0.011915412,5.56,,,100.9203055,,,21.61,,,
MARE,11/28/2017,,,,0.03977096,0.092027152,0.015370317,0.011915412,5.56,,,96.12379347,,,21.61,,,
MARE,11/28/2017,,,,0.03977096,0.092027152,0.015370317,0.011915412,5.56,,,95.12526704,,,21.61,,,
MARE,11/28/2017,,,,0.03977096,0.092027152,0.015370317,0.011915412,5.56,,,98.86436683,,,21.61,,,
MARE,11/28/2017,,,,0.03977096,0.092027152,0.015370317,0.011915412,5.56,,,96.81489773,,,21.61,,,
MARE,11/28/2017,,,,0.03977096,0.092027152,0.015370317,0.011915412,5.56,,,100.2901042,,,21.61,,,
MARE,11/28/2017,,,,0.03977096,0.092027152,0.015370317,0.011915412,5.56,,,107.1088649,,,21.61,,,
MARE,11/28/2017,,,,0.03977096,0.092027152,0.015370317,0.011915412,5.56,,,95.84360112,,,21.61,,,
MARE,11/28/2017,,,,0.03977096,0.092027152,0.015370317,0.011915412,5.56,,,97.68781231,,,21.61,,,
MARE,11/28/2017,,,,0.03977096,0.092027152,0.015370317,0.011915412,5.56,,,96.08864754,,,21.61,,,
MARE,11/28/2017,,,,0.03977096,0.092027152,0.015370317,0.011915412,5.56,,,105.825169,,,21.61,,,
MARE,11/28/2017,,,,0.03977096,0.092027152,0.015370317,0.011915412,5.56,,,128.8807841,,,21.61,,,
MARE,11/28/2017,,,,0.03977096,0.092027152,0.015370317,0.011915412,5.56,,,94.14625023,,,21.61,,,
MARE,11/28/2017,,,,0.03977096,0.092027152,0.015370317,0.011915412,5.56,,,99.59594841,,,21.61,,,
MARE,11/28/2017,,,,0.03977096,0.092027152,0.015370317,0.011915412,5.56,,,89.62732397,,,21.61,,,
MARE,11/28/2017,,,,0.03977096,0.092027152,0.015370317,0.011915412,5.56,,,90.71829202,,,21.61,,,
MARE,11/28/2017,,,,0.03977096,0.092027152,0.015370317,0.011915412,5.56,,,108.6547006,,,21.61,,,
MARE,11/28/2017,,,,0.03977096,0.092027152,0.015370317,0.011915412,5.56,,,99.78213508,,,21.61,,,
MARE,11/28/2017,,,,0.03977096,0.092027152,0.015370317,0.011915412,5.56,,,102.7102154,,,21.61,,,
MARE,11/28/2017,,,,0.03977096,0.092027152,0.015370317,0.011915412,5.56,,,82.12257686,,,21.61,,,
MARE,11/28/2017,,,,0.03977096,0.092027152,0.015370317,0.011915412,5.56,,,118.2901456,,,21.61,,,
MARE,2/13/2018,,,,0.039110443,0.068642413,0.027617299,0.021071616,3.67,,,81.92837975,94.41512632,16.8111942,16.56,,,
MARE,2/13/2018,,,,0.039110443,0.068642413,0.027617299,0.021071616,3.67,,,95.20624303,,,16.56,,,
MARE,2/13/2018,,,,0.039110443,0.068642413,0.027617299,0.021071616,3.67,,,102.318086,,,16.56,,,
MARE,2/13/2018,,,,0.039110443,0.068642413,0.027617299,0.021071616,3.67,,,92.31885226,,,16.56,,,
MARE,2/13/2018,,,,0.039110443,0.068642413,0.027617299,0.021071616,3.67,,,98.95631292,,,16.56,,,
MARE,2/13/2018,,,,0.039110443,0.068642413,0.027617299,0.021071616,3.67,,,172.1567307,,,16.56,,,
MARE,2/13/2018,,,,0.039110443,0.068642413,0.027617299,0.021071616,3.67,,,96.57336513,,,16.56,,,
MARE,2/13/2018,,,,0.039110443,0.068642413,0.027617299,0.021071616,3.67,,,87.87833607,,,16.56,,,
MARE,2/13/2018,,,,0.039110443,0.068642413,0.027617299,0.021071616,3.67,,,95.91187994,,,16.56,,,
MARE,2/13/2018,,,,0.039110443,0.068642413,0.027617299,0.021071616,3.67,,,92.68100217,,,16.56,,,
MARE,2/13/2018,,,,0.039110443,0.068642413,0.027617299,0.021071616,3.67,,,70.72333373,,,16.56,,,
MARE,2/13/2018,,,,0.039110443,0.068642413,0.027617299,0.021071616,3.67,,,94.24962736,,,16.56,,,
MARE,2/13/2018,,,,0.039110443,0.068642413,0.027617299,0.021071616,3.67,,,99.82590063,,,16.56,,,
MARE,2/13/2018,,,,0.039110443,0.068642413,0.027617299,0.021071616,3.67,,,167.0689072,,,16.56,,,
MARE,2/13/2018,,,,0.039110443,0.068642413,0.027617299,0.021071616,3.67,,,86.88575255,,,16.56,,,
MARE,2/13/2018,,,,0.039110443,0.068642413,0.027617299,0.021071616,3.67,,,87.85573401,,,16.56,,,
MARE,2/13/2018,,,,0.039110443,0.068642413,0.027617299,0.021071616,3.67,,,70.14798172,,,16.56,,,
MARE,2/13/2018,,,,0.039110443,0.068642413,0.027617299,0.021071616,3.67,,,89.77092311,,,16.56,,,
MARE,2/13/2018,,,,0.039110443,0.068642413,0.027617299,0.021071616,3.67,,,87.21188721,,,16.56,,,
MARE,2/13/2018,,,,0.039110443,0.068642413,0.027617299,0.021071616,3.67,,,97.4783947,,,16.56,,,
MARE,2/13/2018,,,,0.039110443,0.068642413,0.027617299,0.021071616,3.67,,,97.87627912,,,16.56,,,
MARE,2/13/2018,,,,0.039110443,0.068642413,0.027617299,0.021071616,3.67,,,94.35226062,,,16.56,,,
MARE,2/13/2018,,,,0.039110443,0.068642413,0.027617299,0.021071616,3.67,,,95.06332386,,,16.56,,,
MARE,2/13/2018,,,,0.039110443,0.068642413,0.027617299,0.021071616,3.67,,,80.96795291,,,16.56,,,
MARE,2/13/2018,,,,0.039110443,0.068642413,0.027617299,0.021071616,3.67,,,92.7329522,,,16.56,,,
MARE,2/13/2018,,,,0.039110443,0.068642413,0.027617299,0.021071616,3.67,,,89.9758073,,,16.56,,,
MARE,2/13/2018,,,,0.039110443,0.068642413,0.027617299,0.021071616,3.67,,,91.09236332,,,16.56,,,
MARE,2/13/2018,,,,0.039110443,0.068642413,0.027617299,0.021071616,3.67,,,85.49947618,,,16.56,,,
MARE,2/13/2018,,,,0.039110443,0.068642413,0.027617299,0.021071616,3.67,,,90.68288251,,,16.56,,,
MARE,2/13/2018,,,,0.039110443,0.068642413,0.027617299,0.021071616,3.67,,,90.91431032,,,16.56,,,
MARE,2/13/2018,,,,0.039110443,0.068642413,0.027617299,0.021071616,3.67,,,95.76277044,,,16.56,,,
MARE,2/13/2018,,,,0.039110443,0.068642413,0.027617299,0.021071616,3.67,,,88.91268651,,,16.56,,,
MARE,2/13/2018,,,,0.039110443,0.068642413,0.027617299,0.021071616,3.67,,,99.28830402,,,16.56,,,
MARE,2/13/2018,,,,0.039110443,0.068642413,0.027617299,0.021071616,3.67,,,97.83316493,,,16.56,,,
MARE,2/13/2018,,,,0.039110443,0.068642413,0.027617299,0.021071616,3.67,,,98.35960116,,,16.56,,,
MARE,2/13/2018,,,,0.039110443,0.068642413,0.027617299,0.021071616,3.67,,,82.78974125,,,16.56,,,
MARE,2/13/2018,,,,0.039110443,0.068642413,0.027617299,0.021071616,3.67,,,83.82231648,,,16.56,,,
MARE,2/13/2018,,,,0.039110443,0.068642413,0.027617299,0.021071616,3.67,,,94.94580538,,,16.56,,,
MARE,2/13/2018,,,,0.039110443,0.068642413,0.027617299,0.021071616,3.67,,,93.03400462,,,16.56,,,
MARE,2/13/2018,,,,0.039110443,0.068642413,0.027617299,0.021071616,3.67,,,87.78663197,,,16.56,,,
MARE,2/13/2018,,,,0.039110443,0.068642413,0.027617299,0.021071616,3.67,,,94.65590158,,,16.56,,,
MARE,2/13/2018,,,,0.039110443,0.068642413,0.027617299,0.021071616,3.67,,,86.74126823,,,16.56,,,
MARE,2/13/2018,,,,0.039110443,0.068642413,0.027617299,0.021071616,3.67,,,90.18858916,,,16.56,,,
MARE,2/13/2018,,,,0.039110443,0.068642413,0.027617299,0.021071616,3.67,,,90.61296357,,,16.56,,,
MARE,2/13/2018,,,,0.039110443,0.068642413,0.027617299,0.021071616,3.67,,,89.07456036,,,16.56,,,
MARE,2/13/2018,,,,0.039110443,0.068642413,0.027617299,0.021071616,3.67,,,88.77564585,,,16.56,,,
MARE,2/13/2018,,,,0.039110443,0.068642413,0.027617299,0.021071616,3.67,,,95.21684292,,,16.56,,,
MARE,2/13/2018,,,,0.039110443,0.068642413,0.027617299,0.021071616,3.67,,,95.26184539,,,16.56,,,
MARE,2/13/2018,,,,0.039110443,0.068642413,0.027617299,0.021071616,3.67,,,94.72283224,,,16.56,,,
MARE,2/13/2018,,,,0.039110443,0.068642413,0.027617299,0.021071616,3.67,,,96.66560136,,,16.56,,,
MARE,3/13/2018,,,,0.009946543,0.01055799,0.008818238,0.010463401,6.27,,,74.83250571,81.23173756,5.849686612,13.99,,,
MARE,3/13/2018,,,,0.009946543,0.01055799,0.008818238,0.010463401,6.27,,,77.52192201,,,13.99,,,
MARE,3/13/2018,,,,0.009946543,0.01055799,0.008818238,0.010463401,6.27,,,86.1192267,,,13.99,,,
MARE,3/13/2018,,,,0.009946543,0.01055799,0.008818238,0.010463401,6.27,,,79.33746646,,,13.99,,,
MARE,3/13/2018,,,,0.009946543,0.01055799,0.008818238,0.010463401,6.27,,,74.30767492,,,13.99,,,
MARE,3/13/2018,,,,0.009946543,0.01055799,0.008818238,0.010463401,6.27,,,80.60148126,,,13.99,,,
MARE,3/13/2018,,,,0.009946543,0.01055799,0.008818238,0.010463401,6.27,,,77.70301169,,,13.99,,,
MARE,3/13/2018,,,,0.009946543,0.01055799,0.008818238,0.010463401,6.27,,,83.96886002,,,13.99,,,
MARE,3/13/2018,,,,0.009946543,0.01055799,0.008818238,0.010463401,6.27,,,83.21002993,,,13.99,,,
MARE,3/13/2018,,,,0.009946543,0.01055799,0.008818238,0.010463401,6.27,,,78.29887376,,,13.99,,,
MARE,3/13/2018,,,,0.009946543,0.01055799,0.008818238,0.010463401,6.27,,,88.62370724,,,13.99,,,
MARE,3/13/2018,,,,0.009946543,0.01055799,0.008818238,0.010463401,6.27,,,85.07236984,,,13.99,,,
MARE,3/13/2018,,,,0.009946543,0.01055799,0.008818238,0.010463401,6.27,,,79.44376564,,,13.99,,,
MARE,3/13/2018,,,,0.009946543,0.01055799,0.008818238,0.010463401,6.27,,,81.85948969,,,13.99,,,
MARE,3/13/2018,,,,0.009946543,0.01055799,0.008818238,0.010463401,6.27,,,81.00590788,,,13.99,,,
MARE,3/13/2018,,,,0.009946543,0.01055799,0.008818238,0.010463401,6.27,,,84.86140725,,,13.99,,,
MARE,3/13/2018,,,,0.009946543,0.01055799,0.008818238,0.010463401,6.27,,,85.53797153,,,13.99,,,
MARE,3/13/2018,,,,0.009946543,0.01055799,0.008818238,0.010463401,6.27,,,82.29117446,,,13.99,,,
MARE,3/13/2018,,,,0.009946543,0.01055799,0.008818238,0.010463401,6.27,,,71.51905097,,,13.99,,,
MARE,3/13/2018,,,,0.009946543,0.01055799,0.008818238,0.010463401,6.27,,,81.15855479,,,13.99,,,
MARE,3/13/2018,,,,0.009946543,0.01055799,0.008818238,0.010463401,6.27,,,81.50424724,,,13.99,,,
MARE,3/13/2018,,,,0.009946543,0.01055799,0.008818238,0.010463401,6.27,,,87.47177641,,,13.99,,,
MARE,3/13/2018,,,,0.009946543,0.01055799,0.008818238,0.010463401,6.27,,,83.60308949,,,13.99,,,
MARE,3/13/2018,,,,0.009946543,0.01055799,0.008818238,0.010463401,6.27,,,78.28440752,,,13.99,,,
MARE,3/13/2018,,,,0.009946543,0.01055799,0.008818238,0.010463401,6.27,,,75.47200129,,,13.99,,,
MARE,3/13/2018,,,,0.009946543,0.01055799,0.008818238,0.010463401,6.27,,,87.69391834,,,13.99,,,
MARE,3/13/2018,,,,0.009946543,0.01055799,0.008818238,0.010463401,6.27,,,77.17317679,,,13.99,,,
MARE,3/13/2018,,,,0.009946543,0.01055799,0.008818238,0.010463401,6.27,,,78.88467425,,,13.99,,,
MARE,3/13/2018,,,,0.009946543,0.01055799,0.008818238,0.010463401,6.27,,,87.21029273,,,13.99,,,
MARE,3/13/2018,,,,0.009946543,0.01055799,0.008818238,0.010463401,6.27,,,85.97746935,,,13.99,,,
MARE,3/13/2018,,,,0.009946543,0.01055799,0.008818238,0.010463401,6.27,,,78.6252715,,,13.99,,,
MARE,3/13/2018,,,,0.009946543,0.01055799,0.008818238,0.010463401,6.27,,,78.56361078,,,13.99,,,
MARE,3/13/2018,,,,0.009946543,0.01055799,0.008818238,0.010463401,6.27,,,91.55728779,,,13.99,,,
MARE,3/13/2018,,,,0.009946543,0.01055799,0.008818238,0.010463401,6.27,,,89.25192006,,,13.99,,,
MARE,3/13/2018,,,,0.009946543,0.01055799,0.008818238,0.010463401,6.27,,,85.16149165,,,13.99,,,
MARE,3/13/2018,,,,0.009946543,0.01055799,0.008818238,0.010463401,6.27,,,78.3592645,,,13.99,,,
MARE,3/13/2018,,,,0.009946543,0.01055799,0.008818238,0.010463401,6.27,,,81.8745636,,,13.99,,,
MARE,3/13/2018,,,,0.009946543,0.01055799,0.008818238,0.010463401,6.27,,,79.90871173,,,13.99,,,
MARE,3/13/2018,,,,0.009946543,0.01055799,0.008818238,0.010463401,6.27,,,80.66978893,,,13.99,,,
MARE,3/13/2018,,,,0.009946543,0.01055799,0.008818238,0.010463401,6.27,,,76.11553172,,,13.99,,,
MARE,3/13/2018,,,,0.009946543,0.01055799,0.008818238,0.010463401,6.27,,,84.08517628,,,13.99,,,
MARE,3/13/2018,,,,0.009946543,0.01055799,0.008818238,0.010463401,6.27,,,86.30490956,,,13.99,,,
MARE,3/13/2018,,,,0.009946543,0.01055799,0.008818238,0.010463401,6.27,,,77.83868442,,,13.99,,,
MARE,3/13/2018,,,,0.009946543,0.01055799,0.008818238,0.010463401,6.27,,,82.72648128,,,13.99,,,
MARE,3/13/2018,,,,0.009946543,0.01055799,0.008818238,0.010463401,6.27,,,88.98836168,,,13.99,,,
MARE,3/13/2018,,,,0.009946543,0.01055799,0.008818238,0.010463401,6.27,,,81.53102048,,,13.99,,,
MARE,3/13/2018,,,,0.009946543,0.01055799,0.008818238,0.010463401,6.27,,,53.99000393,,,13.99,,,
MARE,3/13/2018,,,,0.009946543,0.01055799,0.008818238,0.010463401,6.27,,,78.48765207,,,13.99,,,
MARE,3/13/2018,,,,0.009946543,0.01055799,0.008818238,0.010463401,6.27,,,83.57814564,,,13.99,,,
MARE,3/13/2018,,,,0.009946543,0.01055799,0.008818238,0.010463401,6.27,,,83.41949502,,,13.99,,,
MARE,4/17/2018,,,,0.01998382,0.038065226,0.010959527,0.010926707,17.81,,,57.16851676,73.73483496,7.654169722,24.67,,,
MARE,4/17/2018,,,,0.01998382,0.038065226,0.010959527,0.010926707,17.81,,,58.5929443,,,24.67,,,
MARE,4/17/2018,,,,0.01998382,0.038065226,0.010959527,0.010926707,17.81,,,58.8959736,,,24.67,,,
MARE,4/17/2018,,,,0.01998382,0.038065226,0.010959527,0.010926707,17.81,,,69.52849406,,,24.67,,,
MARE,4/17/2018,,,,0.01998382,0.038065226,0.010959527,0.010926707,17.81,,,90.51380308,,,24.67,,,
MARE,4/17/2018,,,,0.01998382,0.038065226,0.010959527,0.010926707,17.81,,,81.78615086,,,24.67,,,
MARE,4/17/2018,,,,0.01998382,0.038065226,0.010959527,0.010926707,17.81,,,71.71962774,,,24.67,,,
MARE,4/17/2018,,,,0.01998382,0.038065226,0.010959527,0.010926707,17.81,,,74.02737548,,,24.67,,,
MARE,4/17/2018,,,,0.01998382,0.038065226,0.010959527,0.010926707,17.81,,,70.32078543,,,24.67,,,
MARE,4/17/2018,,,,0.01998382,0.038065226,0.010959527,0.010926707,17.81,,,76.09032363,,,24.67,,,
MARE,4/17/2018,,,,0.01998382,0.038065226,0.010959527,0.010926707,17.81,,,65.10186589,,,24.67,,,
MARE,4/17/2018,,,,0.01998382,0.038065226,0.010959527,0.010926707,17.81,,,73.51045579,,,24.67,,,
MARE,4/17/2018,,,,0.01998382,0.038065226,0.010959527,0.010926707,17.81,,,73.89035347,,,24.67,,,
MARE,4/17/2018,,,,0.01998382,0.038065226,0.010959527,0.010926707,17.81,,,62.95321817,,,24.67,,,
MARE,4/17/2018,,,,0.01998382,0.038065226,0.010959527,0.010926707,17.81,,,67.81212767,,,24.67,,,
MARE,4/17/2018,,,,0.01998382,0.038065226,0.010959527,0.010926707,17.81,,,63.24980589,,,24.67,,,
MARE,4/17/2018,,,,0.01998382,0.038065226,0.010959527,0.010926707,17.81,,,73.97025784,,,24.67,,,
MARE,4/17/2018,,,,0.01998382,0.038065226,0.010959527,0.010926707,17.81,,,68.61938488,,,24.67,,,
MARE,4/17/2018,,,,0.01998382,0.038065226,0.010959527,0.010926707,17.81,,,71.0410324,,,24.67,,,
MARE,4/17/2018,,,,0.01998382,0.038065226,0.010959527,0.010926707,17.81,,,72.72626748,,,24.67,,,
MARE,4/17/2018,,,,0.01998382,0.038065226,0.010959527,0.010926707,17.81,,,75.30089206,,,24.67,,,
MARE,4/17/2018,,,,0.01998382,0.038065226,0.010959527,0.010926707,17.81,,,60.42404688,,,24.67,,,
MARE,4/17/2018,,,,0.01998382,0.038065226,0.010959527,0.010926707,17.81,,,78.40142359,,,24.67,,,
MARE,4/17/2018,,,,0.01998382,0.038065226,0.010959527,0.010926707,17.81,,,76.06566961,,,24.67,,,
MARE,4/17/2018,,,,0.01998382,0.038065226,0.010959527,0.010926707,17.81,,,60.32970388,,,24.67,,,
MARE,4/17/2018,,,,0.01998382,0.038065226,0.010959527,0.010926707,17.81,,,76.460934,,,24.67,,,
MARE,4/17/2018,,,,0.01998382,0.038065226,0.010959527,0.010926707,17.81,,,73.81107107,,,24.67,,,
MARE,4/17/2018,,,,0.01998382,0.038065226,0.010959527,0.010926707,17.81,,,82.17747949,,,24.67,,,
MARE,4/17/2018,,,,0.01998382,0.038065226,0.010959527,0.010926707,17.81,,,84.79856559,,,24.67,,,
MARE,4/17/2018,,,,0.01998382,0.038065226,0.010959527,0.010926707,17.81,,,84.47097333,,,24.67,,,
MARE,4/17/2018,,,,0.01998382,0.038065226,0.010959527,0.010926707,17.81,,,80.73588497,,,24.67,,,
MARE,4/17/2018,,,,0.01998382,0.038065226,0.010959527,0.010926707,17.81,,,75.83638797,,,24.67,,,
MARE,4/17/2018,,,,0.01998382,0.038065226,0.010959527,0.010926707,17.81,,,75.20035785,,,24.67,,,
MARE,4/17/2018,,,,0.01998382,0.038065226,0.010959527,0.010926707,17.81,,,74.64661012,,,24.67,,,
MARE,4/17/2018,,,,0.01998382,0.038065226,0.010959527,0.010926707,17.81,,,77.78679525,,,24.67,,,
MARE,4/17/2018,,,,0.01998382,0.038065226,0.010959527,0.010926707,17.81,,,73.71987372,,,24.67,,,
MARE,4/17/2018,,,,0.01998382,0.038065226,0.010959527,0.010926707,17.81,,,66.15469007,,,24.67,,,
MARE,4/17/2018,,,,0.01998382,0.038065226,0.010959527,0.010926707,17.81,,,72.97932556,,,24.67,,,
MARE,4/17/2018,,,,0.01998382,0.038065226,0.010959527,0.010926707,17.81,,,71.00173102,,,24.67,,,
MARE,4/17/2018,,,,0.01998382,0.038065226,0.010959527,0.010926707,17.81,,,79.63708595,,,24.67,,,
MARE,4/17/2018,,,,0.01998382,0.038065226,0.010959527,0.010926707,17.81,,,71.078061,,,24.67,,,
MARE,4/17/2018,,,,0.01998382,0.038065226,0.010959527,0.010926707,17.81,,,69.89761703,,,24.67,,,
MARE,4/17/2018,,,,0.01998382,0.038065226,0.010959527,0.010926707,17.81,,,82.05547706,,,24.67,,,
MARE,4/17/2018,,,,0.01998382,0.038065226,0.010959527,0.010926707,17.81,,,80.24681953,,,24.67,,,
MARE,4/17/2018,,,,0.01998382,0.038065226,0.010959527,0.010926707,17.81,,,88.55035987,,,24.67,,,
MARE,4/17/2018,,,,0.01998382,0.038065226,0.010959527,0.010926707,17.81,,,80.45550575,,,24.67,,,
MARE,4/17/2018,,,,0.01998382,0.038065226,0.010959527,0.010926707,17.81,,,75.94484749,,,24.67,,,
MARE,4/17/2018,,,,0.01998382,0.038065226,0.010959527,0.010926707,17.81,,,81.57446969,,,24.67,,,
MARE,4/17/2018,,,,0.01998382,0.038065226,0.010959527,0.010926707,17.81,,,80.77764903,,,24.67,,,
MARE,4/17/2018,,,,0.01998382,0.038065226,0.010959527,0.010926707,17.81,,,74.70267501,,,24.67,,,
MARE,5/23/2018,,,,0.195040285,0.488534035,0.086144323,0.010442496,9.34,,,78.54764547,96.13185027,17.81030973,11.38,,,
MARE,5/23/2018,,,,0.195040285,0.488534035,0.086144323,0.010442496,9.34,,,90.46694595,,,11.38,,,
MARE,5/23/2018,,,,0.195040285,0.488534035,0.086144323,0.010442496,9.34,,,101.4721224,,,11.38,,,
MARE,5/23/2018,,,,0.195040285,0.488534035,0.086144323,0.010442496,9.34,,,86.99892946,,,11.38,,,
MARE,5/23/2018,,,,0.195040285,0.488534035,0.086144323,0.010442496,9.34,,,109.9069692,,,11.38,,,
MARE,5/23/2018,,,,0.195040285,0.488534035,0.086144323,0.010442496,9.34,,,80.56574123,,,11.38,,,
MARE,5/23/2018,,,,0.195040285,0.488534035,0.086144323,0.010442496,9.34,,,96.00240457,,,11.38,,,
MARE,5/23/2018,,,,0.195040285,0.488534035,0.086144323,0.010442496,9.34,,,97.6874562,,,11.38,,,
MARE,5/23/2018,,,,0.195040285,0.488534035,0.086144323,0.010442496,9.34,,,155.2864462,,,11.38,,,
MARE,5/23/2018,,,,0.195040285,0.488534035,0.086144323,0.010442496,9.34,,,105.3720143,,,11.38,,,
MARE,5/23/2018,,,,0.195040285,0.488534035,0.086144323,0.010442496,9.34,,,100.4967747,,,11.38,,,
MARE,5/23/2018,,,,0.195040285,0.488534035,0.086144323,0.010442496,9.34,,,78.18886069,,,11.38,,,
MARE,5/23/2018,,,,0.195040285,0.488534035,0.086144323,0.010442496,9.34,,,84.84519283,,,11.38,,,
MARE,5/23/2018,,,,0.195040285,0.488534035,0.086144323,0.010442496,9.34,,,75.41168721,,,11.38,,,
MARE,5/23/2018,,,,0.195040285,0.488534035,0.086144323,0.010442496,9.34,,,91.87690602,,,11.38,,,
MARE,5/23/2018,,,,0.195040285,0.488534035,0.086144323,0.010442496,9.34,,,158.6121052,,,11.38,,,
MARE,5/23/2018,,,,0.195040285,0.488534035,0.086144323,0.010442496,9.34,,,100.5630766,,,11.38,,,
MARE,5/23/2018,,,,0.195040285,0.488534035,0.086144323,0.010442496,9.34,,,99.41972921,,,11.38,,,
MARE,5/23/2018,,,,0.195040285,0.488534035,0.086144323,0.010442496,9.34,,,99.85971728,,,11.38,,,
MARE,5/23/2018,,,,0.195040285,0.488534035,0.086144323,0.010442496,9.34,,,99.3758275,,,11.38,,,
MARE,5/23/2018,,,,0.195040285,0.488534035,0.086144323,0.010442496,9.34,,,84.10635507,,,11.38,,,
MARE,5/23/2018,,,,0.195040285,0.488534035,0.086144323,0.010442496,9.34,,,102.9126214,,,11.38,,,
MARE,5/23/2018,,,,0.195040285,0.488534035,0.086144323,0.010442496,9.34,,,123.836896,,,11.38,,,
MARE,5/23/2018,,,,0.195040285,0.488534035,0.086144323,0.010442496,9.34,,,88.80652335,,,11.38,,,
MARE,5/23/2018,,,,0.195040285,0.488534035,0.086144323,0.010442496,9.34,,,84.82877368,,,11.38,,,
MARE,5/23/2018,,,,0.195040285,0.488534035,0.086144323,0.010442496,9.34,,,95.95977111,,,11.38,,,
MARE,5/23/2018,,,,0.195040285,0.488534035,0.086144323,0.010442496,9.34,,,107.2920991,,,11.38,,,
MARE,5/23/2018,,,,0.195040285,0.488534035,0.086144323,0.010442496,9.34,,,95.62054009,,,11.38,,,
MARE,5/23/2018,,,,0.195040285,0.488534035,0.086144323,0.010442496,9.34,,,91.17512574,,,11.38,,,
MARE,5/23/2018,,,,0.195040285,0.488534035,0.086144323,0.010442496,9.34,,,107.0916728,,,11.38,,,
MARE,5/23/2018,,,,0.195040285,0.488534035,0.086144323,0.010442496,9.34,,,91.35424637,,,11.38,,,
MARE,5/23/2018,,,,0.195040285,0.488534035,0.086144323,0.010442496,9.34,,,72.26960682,,,11.38,,,
MARE,5/23/2018,,,,0.195040285,0.488534035,0.086144323,0.010442496,9.34,,,115.9647961,,,11.38,,,
MARE,5/23/2018,,,,0.195040285,0.488534035,0.086144323,0.010442496,9.34,,,104.0657835,,,11.38,,,
MARE,5/23/2018,,,,0.195040285,0.488534035,0.086144323,0.010442496,9.34,,,53.04922851,,,11.38,,,
MARE,5/23/2018,,,,0.195040285,0.488534035,0.086144323,0.010442496,9.34,,,91.8794571,,,11.38,,,
MARE,5/23/2018,,,,0.195040285,0.488534035,0.086144323,0.010442496,9.34,,,101.6393443,,,11.38,,,
MARE,5/23/2018,,,,0.195040285,0.488534035,0.086144323,0.010442496,9.34,,,90.91448051,,,11.38,,,
MARE,5/23/2018,,,,0.195040285,0.488534035,0.086144323,0.010442496,9.34,,,82.64404383,,,11.38,,,
MARE,5/23/2018,,,,0.195040285,0.488534035,0.086144323,0.010442496,9.34,,,111.7698959,,,11.38,,,
MARE,5/23/2018,,,,0.195040285,0.488534035,0.086144323,0.010442496,9.34,,,103.2716927,,,11.38,,,
MARE,5/23/2018,,,,0.195040285,0.488534035,0.086144323,0.010442496,9.34,,,82.59656073,,,11.38,,,
MARE,5/23/2018,,,,0.195040285,0.488534035,0.086144323,0.010442496,9.34,,,103.0966926,,,11.38,,,
MARE,5/23/2018,,,,0.195040285,0.488534035,0.086144323,0.010442496,9.34,,,88.36498025,,,11.38,,,
MARE,5/23/2018,,,,0.195040285,0.488534035,0.086144323,0.010442496,9.34,,,80.67184758,,,11.38,,,
MARE,5/23/2018,,,,0.195040285,0.488534035,0.086144323,0.010442496,9.34,,,99.84082282,,,11.38,,,
MARE,5/23/2018,,,,0.195040285,0.488534035,0.086144323,0.010442496,9.34,,,88.41483426,,,11.38,,,
MARE,5/23/2018,,,,0.195040285,0.488534035,0.086144323,0.010442496,9.34,,,103.6106251,,,11.38,,,
MARE,5/23/2018,,,,0.195040285,0.488534035,0.086144323,0.010442496,9.34,,,98.23771035,,,11.38,,,
MARE,5/23/2018,,,,0.195040285,0.488534035,0.086144323,0.010442496,9.34,,,70.34893336,,,11.38,,,
